{"intotheomega:omega_channeling":{"orderIndex":72,"color":12915514},"charm:tinted":{"orderIndex":86,"color":12915514},"gobber2:untouchable":{"orderIndex":99,"color":12915514},"minecraft:thorns":{"orderIndex":7,"color":12915514},"minecraft:sweeping":{"orderIndex":18,"color":12915514},"betterend:end_veil":{"orderIndex":84,"color":12915514},"intotheomega:omega_looting":{"orderIndex":57,"color":12915514},"intotheomega:omega_frost_walker":{"orderIndex":49,"color":12915514},"gateofbabylon:god_slash":{"orderIndex":89,"color":12915514},"magna:gigantism_curse":{"orderIndex":39,"color":12915514},"intotheomega:omega_efficiency":{"orderIndex":59,"color":12915514},"intotheomega:omega_piercing":{"orderIndex":75,"color":12915514},"minecraft:frost_walker":{"orderIndex":9,"color":12915514},"charm:aerial_affinity":{"orderIndex":93,"color":12915514},"minecraft:punch":{"orderIndex":24,"color":12915514},"intotheomega:omega_vanishing_curse":{"orderIndex":77,"color":12915514},"intotheomega:omega_multishot":{"orderIndex":73,"color":12915514},"minecraft:sharpness":{"orderIndex":12,"color":12915514},"minecraft:efficiency":{"orderIndex":19,"color":12915514},"gateofbabylon:quickdraw":{"orderIndex":92,"color":12915514},"intotheomega:omega_feather_falling":{"orderIndex":42,"color":12915514},"minecraft:lure":{"orderIndex":28,"color":12915514},"intotheomega:omega_knockback":{"orderIndex":55,"color":12915514},"minecraft:fire_aspect":{"orderIndex":16,"color":12915514},"minecraft:piercing":{"orderIndex":35,"color":12915514},"intotheomega:omega_power":{"orderIndex":63,"color":12915514},"intotheomega:omega_impaling":{"orderIndex":70,"color":12915514},"intotheomega:omega_bane_of_arthropods":{"orderIndex":54,"color":12915514},"gateofbabylon:flame_slash":{"orderIndex":91,"color":12915514},"biomemakeover:decay_curse":{"orderIndex":102,"color":12915514},"minecraft:riptide":{"orderIndex":31,"color":12915514},"minecraft:fortune":{"orderIndex":22,"color":12915514},"minecraft:knockback":{"orderIndex":15,"color":12915514},"minecraft:mending":{"orderIndex":36,"color":12915514},"intotheomega:omega_respiration":{"orderIndex":45,"color":12915514},"intotheomega:omega_silk_touch":{"orderIndex":60,"color":12915514},"minecraft:aqua_affinity":{"orderIndex":6,"color":12915514},"intotheomega:omega_protection":{"orderIndex":40,"color":12915514},"gobber2:quickuse":{"orderIndex":101,"color":12915514},"intotheomega:omega_smite":{"orderIndex":53,"color":12915514},"intotheomega:omega_lure":{"orderIndex":68,"color":12915514},"minecraft:vanishing_curse":{"orderIndex":37,"color":12915514},"gobber2:rebuffing":{"orderIndex":98,"color":12915514},"dawn:telekinesis":{"orderIndex":82,"color":12915514},"allure:harming_curse":{"orderIndex":81,"color":12915514},"intotheomega:omega_punch":{"orderIndex":64,"color":12915514},"minecraft:depth_strider":{"orderIndex":8,"color":12915514},"minecraft:soul_speed":{"orderIndex":11,"color":12915514},"minecraft:loyalty":{"orderIndex":29,"color":12915514},"intotheomega:omega_sharpness":{"orderIndex":52,"color":12915514},"intotheomega:omega_binding_curse":{"orderIndex":50,"color":12915514},"intotheomega:omega_fortune":{"orderIndex":62,"color":12915514},"minecraft:protection":{"orderIndex":0,"color":12915514},"minecraft:multishot":{"orderIndex":33,"color":12915514},"intotheomega:omega_loyalty":{"orderIndex":69,"color":12915514},"minecraft:luck_of_the_sea":{"orderIndex":27,"color":12915514},"minecraft:feather_falling":{"orderIndex":2,"color":12915514},"minecraft:flame":{"orderIndex":25,"color":12915514},"minecraft:binding_curse":{"orderIndex":10,"color":12915514},"intotheomega:omega_unbreaking":{"orderIndex":61,"color":12915514},"minecraft:projectile_protection":{"orderIndex":4,"color":12915514},"allure:rusting_curse":{"orderIndex":78,"color":12915514},"minecraft:smite":{"orderIndex":13,"color":12915514},"intotheomega:omega_fire_protection":{"orderIndex":41,"color":12915514},"intotheomega:omega_infinity":{"orderIndex":66,"color":12915514},"dawn:ignorance_curse":{"orderIndex":83,"color":12915514},"gateofbabylon:vampire_slash":{"orderIndex":95,"color":12915514},"gateofbabylon:thunder_slash":{"orderIndex":90,"color":12915514},"intotheomega:omega_thorns":{"orderIndex":47,"color":12915514},"gobber2:faster_obsidian":{"orderIndex":100,"color":12915514},"minecraft:unbreaking":{"orderIndex":21,"color":12915514},"intotheomega:omega_soul_speed":{"orderIndex":51,"color":12915514},"intotheomega:omega_quick_charge":{"orderIndex":74,"color":12915514},"minecraft:quick_charge":{"orderIndex":34,"color":12915514},"minecraft:fire_protection":{"orderIndex":1,"color":12915514},"minecraft:power":{"orderIndex":23,"color":12915514},"intotheomega:omega_luck_of_the_sea":{"orderIndex":67,"color":12915514},"soulbound:soulbound":{"orderIndex":38,"color":12915514},"intotheomega:omega_projectile_protection":{"orderIndex":44,"color":12915514},"charm:acquisition":{"orderIndex":85,"color":12915514},"gateofbabylon:dragon_slash":{"orderIndex":94,"color":12915514},"intotheomega:omega_flame":{"orderIndex":65,"color":12915514},"intotheomega:omega_aqua_affinity":{"orderIndex":46,"color":12915514},"intotheomega:omega_sweeping":{"orderIndex":58,"color":12915514},"minecraft:blast_protection":{"orderIndex":3,"color":12915514},"minecraft:impaling":{"orderIndex":30,"color":12915514},"minecraft:bane_of_arthropods":{"orderIndex":14,"color":12915514},"allure:haunting_curse":{"orderIndex":80,"color":12915514},"minecraft:silk_touch":{"orderIndex":20,"color":12915514},"minecraft:looting":{"orderIndex":17,"color":12915514},"gateofbabylon:lunging":{"orderIndex":87,"color":12915514},"minecraft:respiration":{"orderIndex":5,"color":12915514},"intotheomega:omega_depth_strider":{"orderIndex":48,"color":12915514},"intotheomega:omega_riptide":{"orderIndex":71,"color":12915514},"allure:clumsiness_curse":{"orderIndex":79,"color":12915514},"intotheomega:omega_fire_aspect":{"orderIndex":56,"color":12915514},"intotheomega:omega_mending":{"orderIndex":76,"color":12915514},"gateofbabylon:smashing":{"orderIndex":88,"color":12915514},"minecraft:infinity":{"orderIndex":26,"color":12915514},"gofish:deepfry":{"orderIndex":96,"color":12915514},"gobber2:smithblade":{"orderIndex":97,"color":12915514},"minecraft:channeling":{"orderIndex":32,"color":12915514},"intotheomega:omega_blast_protection":{"orderIndex":43,"color":12915514}}