{
  "betterend": {
    "blocks": {
      "endstone_dust [default: true]": true,
      "end_mycelium [default: true]": true,
      "end_moss [default: true]": true,
      "chorus_nylium [default: true]": true,
      "cave_moss [default: true]": true,
      "crystal_moss [default: true]": true,
      "shadow_grass [default: true]": true,
      "pink_moss [default: true]": true,
      "amber_moss [default: true]": true,
      "end_mycelium_path [default: true]": true,
      "end_moss_path [default: true]": true,
      "chorus_nylium_path [default: true]": true,
      "cave_moss_path [default: true]": true,
      "crystal_moss_path [default: true]": true,
      "shadow_grass_path [default: true]": true,
      "pink_moss_path [default: true]": true,
      "amber_moss_path [default: true]": true,
      "flavolite [default: true]": true,
      "flavolite_polished [default: true]": true,
      "flavolite_tiles [default: true]": true,
      "flavolite_pillar [default: true]": true,
      "flavolite_stairs [default: true]": true,
      "flavolite_slab [default: true]": true,
      "flavolite_wall [default: true]": true,
      "flavolite_button [default: true]": true,
      "flavolite_plate [default: true]": true,
      "flavolite_pedestal [default: true]": true,
      "flavolite_lantern [default: true]": true,
      "flavolite_bricks [default: true]": true,
      "flavolite_bricks_stairs [default: true]": true,
      "flavolite_bricks_slab [default: true]": true,
      "flavolite_bricks_wall [default: true]": true,
      "violecite [default: true]": true,
      "violecite_polished [default: true]": true,
      "violecite_tiles [default: true]": true,
      "violecite_pillar [default: true]": true,
      "violecite_stairs [default: true]": true,
      "violecite_slab [default: true]": true,
      "violecite_wall [default: true]": true,
      "violecite_button [default: true]": true,
      "violecite_plate [default: true]": true,
      "violecite_pedestal [default: true]": true,
      "violecite_lantern [default: true]": true,
      "violecite_bricks [default: true]": true,
      "violecite_bricks_stairs [default: true]": true,
      "violecite_bricks_slab [default: true]": true,
      "violecite_bricks_wall [default: true]": true,
      "sulphuric_rock [default: true]": true,
      "sulphuric_rock_polished [default: true]": true,
      "sulphuric_rock_tiles [default: true]": true,
      "sulphuric_rock_pillar [default: true]": true,
      "sulphuric_rock_stairs [default: true]": true,
      "sulphuric_rock_slab [default: true]": true,
      "sulphuric_rock_wall [default: true]": true,
      "sulphuric_rock_button [default: true]": true,
      "sulphuric_rock_plate [default: true]": true,
      "sulphuric_rock_pedestal [default: true]": true,
      "sulphuric_rock_lantern [default: true]": true,
      "sulphuric_rock_bricks [default: true]": true,
      "sulphuric_rock_bricks_stairs [default: true]": true,
      "sulphuric_rock_bricks_slab [default: true]": true,
      "sulphuric_rock_bricks_wall [default: true]": true,
      "brimstone [default: true]": true,
      "sulphur_crystal [default: true]": true,
      "flavolite_runed [default: true]": true,
      "flavolite_runed_eternal [default: true]": true,
      "andesite_pedestal [default: true]": true,
      "diorite_pedestal [default: true]": true,
      "granite_pedestal [default: true]": true,
      "quartz_pedestal [default: true]": true,
      "purpur_pedestal [default: true]": true,
      "hydrothermal_vent [default: true]": true,
      "dense_snow [default: true]": true,
      "emerald_ice [default: true]": true,
      "dense_emerald_ice [default: true]": true,
      "ancient_emerald_ice [default: true]": true,
      "mossy_glowshroom_sapling [default: true]": true,
      "mossy_glowshroom_cap [default: true]": true,
      "mossy_glowshroom_hymenophore [default: true]": true,
      "mossy_glowshroom_fur [default: true]": true,
      "mossy_glowshroom_stripped_log [default: true]": true,
      "mossy_glowshroom_stripped_bark [default: true]": true,
      "mossy_glowshroom_log [default: true]": true,
      "mossy_glowshroom_bark [default: true]": true,
      "mossy_glowshroom_planks [default: true]": true,
      "mossy_glowshroom_stairs [default: true]": true,
      "mossy_glowshroom_slab [default: true]": true,
      "mossy_glowshroom_fence [default: true]": true,
      "mossy_glowshroom_gate [default: true]": true,
      "mossy_glowshroom_button [default: true]": true,
      "mossy_glowshroom_plate [default: true]": true,
      "mossy_glowshroom_trapdoor [default: true]": true,
      "mossy_glowshroom_door [default: true]": true,
      "mossy_glowshroom_crafting_table [default: true]": true,
      "mossy_glowshroom_ladder [default: true]": true,
      "mossy_glowshroom_sign [default: true]": true,
      "mossy_glowshroom_chest [default: true]": true,
      "mossy_glowshroom_barrel [default: true]": true,
      "mossy_glowshroom_bookshelf [default: true]": true,
      "mossy_glowshroom_composter [default: true]": true,
      "pythadendron_sapling [default: true]": true,
      "pythadendron_leaves [default: true]": true,
      "pythadendron_stripped_log [default: true]": true,
      "pythadendron_stripped_bark [default: true]": true,
      "pythadendron_log [default: true]": true,
      "pythadendron_bark [default: true]": true,
      "pythadendron_planks [default: true]": true,
      "pythadendron_stairs [default: true]": true,
      "pythadendron_slab [default: true]": true,
      "pythadendron_fence [default: true]": true,
      "pythadendron_gate [default: true]": true,
      "pythadendron_button [default: true]": true,
      "pythadendron_plate [default: true]": true,
      "pythadendron_trapdoor [default: true]": true,
      "pythadendron_door [default: true]": true,
      "pythadendron_crafting_table [default: true]": true,
      "pythadendron_ladder [default: true]": true,
      "pythadendron_sign [default: true]": true,
      "pythadendron_chest [default: true]": true,
      "pythadendron_barrel [default: true]": true,
      "pythadendron_bookshelf [default: true]": true,
      "pythadendron_composter [default: true]": true,
      "end_lotus_seed [default: true]": true,
      "end_lotus_stem [default: true]": true,
      "end_lotus_stripped_log [default: true]": true,
      "end_lotus_stripped_bark [default: true]": true,
      "end_lotus_log [default: true]": true,
      "end_lotus_bark [default: true]": true,
      "end_lotus_planks [default: true]": true,
      "end_lotus_stairs [default: true]": true,
      "end_lotus_slab [default: true]": true,
      "end_lotus_fence [default: true]": true,
      "end_lotus_gate [default: true]": true,
      "end_lotus_button [default: true]": true,
      "end_lotus_plate [default: true]": true,
      "end_lotus_trapdoor [default: true]": true,
      "end_lotus_door [default: true]": true,
      "end_lotus_crafting_table [default: true]": true,
      "end_lotus_ladder [default: true]": true,
      "end_lotus_sign [default: true]": true,
      "end_lotus_chest [default: true]": true,
      "end_lotus_barrel [default: true]": true,
      "end_lotus_bookshelf [default: true]": true,
      "end_lotus_composter [default: true]": true,
      "lacugrove_sapling [default: true]": true,
      "lacugrove_leaves [default: true]": true,
      "lacugrove_stripped_log [default: true]": true,
      "lacugrove_stripped_bark [default: true]": true,
      "lacugrove_log [default: true]": true,
      "lacugrove_bark [default: true]": true,
      "lacugrove_planks [default: true]": true,
      "lacugrove_stairs [default: true]": true,
      "lacugrove_slab [default: true]": true,
      "lacugrove_fence [default: true]": true,
      "lacugrove_gate [default: true]": true,
      "lacugrove_button [default: true]": true,
      "lacugrove_plate [default: true]": true,
      "lacugrove_trapdoor [default: true]": true,
      "lacugrove_door [default: true]": true,
      "lacugrove_crafting_table [default: true]": true,
      "lacugrove_ladder [default: true]": true,
      "lacugrove_sign [default: true]": true,
      "lacugrove_chest [default: true]": true,
      "lacugrove_barrel [default: true]": true,
      "lacugrove_bookshelf [default: true]": true,
      "lacugrove_composter [default: true]": true,
      "dragon_tree_sapling [default: true]": true,
      "dragon_tree_leaves [default: true]": true,
      "dragon_tree_stripped_log [default: true]": true,
      "dragon_tree_stripped_bark [default: true]": true,
      "dragon_tree_log [default: true]": true,
      "dragon_tree_bark [default: true]": true,
      "dragon_tree_planks [default: true]": true,
      "dragon_tree_stairs [default: true]": true,
      "dragon_tree_slab [default: true]": true,
      "dragon_tree_fence [default: true]": true,
      "dragon_tree_gate [default: true]": true,
      "dragon_tree_button [default: true]": true,
      "dragon_tree_plate [default: true]": true,
      "dragon_tree_trapdoor [default: true]": true,
      "dragon_tree_door [default: true]": true,
      "dragon_tree_crafting_table [default: true]": true,
      "dragon_tree_ladder [default: true]": true,
      "dragon_tree_sign [default: true]": true,
      "dragon_tree_chest [default: true]": true,
      "dragon_tree_barrel [default: true]": true,
      "dragon_tree_bookshelf [default: true]": true,
      "dragon_tree_composter [default: true]": true,
      "tenanea_sapling [default: true]": true,
      "tenanea_leaves [default: true]": true,
      "tenanea_flowers [default: true]": true,
      "tenanea_outer_leaves [default: true]": true,
      "tenanea_stripped_log [default: true]": true,
      "tenanea_stripped_bark [default: true]": true,
      "tenanea_log [default: true]": true,
      "tenanea_bark [default: true]": true,
      "tenanea_planks [default: true]": true,
      "tenanea_stairs [default: true]": true,
      "tenanea_slab [default: true]": true,
      "tenanea_fence [default: true]": true,
      "tenanea_gate [default: true]": true,
      "tenanea_button [default: true]": true,
      "tenanea_plate [default: true]": true,
      "tenanea_trapdoor [default: true]": true,
      "tenanea_door [default: true]": true,
      "tenanea_crafting_table [default: true]": true,
      "tenanea_ladder [default: true]": true,
      "tenanea_sign [default: true]": true,
      "tenanea_chest [default: true]": true,
      "tenanea_barrel [default: true]": true,
      "tenanea_bookshelf [default: true]": true,
      "tenanea_composter [default: true]": true,
      "helix_tree_sapling [default: true]": true,
      "helix_tree_leaves [default: true]": true,
      "helix_tree_stripped_log [default: true]": true,
      "helix_tree_stripped_bark [default: true]": true,
      "helix_tree_log [default: true]": true,
      "helix_tree_bark [default: true]": true,
      "helix_tree_planks [default: true]": true,
      "helix_tree_stairs [default: true]": true,
      "helix_tree_slab [default: true]": true,
      "helix_tree_fence [default: true]": true,
      "helix_tree_gate [default: true]": true,
      "helix_tree_button [default: true]": true,
      "helix_tree_plate [default: true]": true,
      "helix_tree_trapdoor [default: true]": true,
      "helix_tree_door [default: true]": true,
      "helix_tree_crafting_table [default: true]": true,
      "helix_tree_ladder [default: true]": true,
      "helix_tree_sign [default: true]": true,
      "helix_tree_chest [default: true]": true,
      "helix_tree_barrel [default: true]": true,
      "helix_tree_bookshelf [default: true]": true,
      "helix_tree_composter [default: true]": true,
      "umbrella_tree_membrane [default: true]": true,
      "umbrella_tree_stripped_log [default: true]": true,
      "umbrella_tree_stripped_bark [default: true]": true,
      "umbrella_tree_log [default: true]": true,
      "umbrella_tree_bark [default: true]": true,
      "umbrella_tree_planks [default: true]": true,
      "umbrella_tree_stairs [default: true]": true,
      "umbrella_tree_slab [default: true]": true,
      "umbrella_tree_fence [default: true]": true,
      "umbrella_tree_gate [default: true]": true,
      "umbrella_tree_button [default: true]": true,
      "umbrella_tree_plate [default: true]": true,
      "umbrella_tree_trapdoor [default: true]": true,
      "umbrella_tree_door [default: true]": true,
      "umbrella_tree_crafting_table [default: true]": true,
      "umbrella_tree_ladder [default: true]": true,
      "umbrella_tree_sign [default: true]": true,
      "umbrella_tree_chest [default: true]": true,
      "umbrella_tree_barrel [default: true]": true,
      "umbrella_tree_bookshelf [default: true]": true,
      "umbrella_tree_composter [default: true]": true,
      "umbrella_moss [default: true]": true,
      "umbrella_moss_tall [default: true]": true,
      "creeping_moss [default: true]": true,
      "chorus_grass [default: true]": true,
      "cave_grass [default: true]": true,
      "crystal_grass [default: true]": true,
      "shadow_plant [default: true]": true,
      "bushy_grass [default: true]": true,
      "amber_grass [default: true]": true,
      "blue_vine_seed [default: true]": true,
      "blue_vine_lantern [default: true]": true,
      "blue_vine_fur [default: true]": true,
      "lanceleaf_seed [default: true]": true,
      "glowing_pillar_seed [default: true]": true,
      "glowing_pillar_luminophor [default: true]": true,
      "glowing_pillar_leaves [default: true]": true,
      "bubble_coral [default: true]": true,
      "menger_sponge [default: true]": true,
      "menger_sponge_wet [default: true]": true,
      "charnia_red [default: true]": true,
      "charnia_purple [default: true]": true,
      "charnia_orange [default: true]": true,
      "charnia_light_blue [default: true]": true,
      "charnia_cyan [default: true]": true,
      "charnia_green [default: true]": true,
      "end_lily_seed [default: true]": true,
      "hydralux_sapling [default: true]": true,
      "hydralux_petal_block [default: true]": true,
      "hydralux_petal_block_white [default: true]": true,
      "hydralux_petal_block_orange [default: true]": true,
      "hydralux_petal_block_magenta [default: true]": true,
      "hydralux_petal_block_light_blue [default: true]": true,
      "hydralux_petal_block_yellow [default: true]": true,
      "hydralux_petal_block_lime [default: true]": true,
      "hydralux_petal_block_pink [default: true]": true,
      "hydralux_petal_block_gray [default: true]": true,
      "hydralux_petal_block_light_gray [default: true]": true,
      "hydralux_petal_block_cyan [default: true]": true,
      "hydralux_petal_block_purple [default: true]": true,
      "hydralux_petal_block_blue [default: true]": true,
      "hydralux_petal_block_brown [default: true]": true,
      "hydralux_petal_block_green [default: true]": true,
      "hydralux_petal_block_red [default: true]": true,
      "hydralux_petal_block_black [default: true]": true,
      "cave_bush [default: true]": true,
      "murkweed [default: true]": true,
      "needlegrass [default: true]": true,
      "purple_polypore [default: true]": true,
      "tail_moss [default: true]": true,
      "cyan_moss [default: true]": true,
      "twisted_moss [default: true]": true,
      "tube_worm [default: true]": true,
      "bulb_moss [default: true]": true,
      "shadow_berry [default: true]": true,
      "dense_vine [default: true]": true,
      "twisted_vine [default: true]": true,
      "bulb_vine_seed [default: true]": true,
      "bulb_vine [default: true]": true,
      "silk_moth_nest [default: true]": true,
      "ender_ore [default: true]": true,
      "amber_ore [default: true]": true,
      "terminite_block [default: true]": true,
      "aeternium_block [default: true]": true,
      "ender_block [default: true]": true,
      "aurora_crystal [default: true]": true,
      "amber_block [default: true]": true,
      "respawn_obelisk [default: true]": true,
      "andesite_lantern [default: true]": true,
      "diorite_lantern [default: true]": true,
      "granite_lantern [default: true]": true,
      "quartz_lantern [default: true]": true,
      "purpur_lantern [default: true]": true,
      "end_stone_lantern [default: true]": true,
      "blackstone_lantern [default: true]": true,
      "bulb_lantern [default: true]": true,
      "bulb_lantern_white [default: true]": true,
      "bulb_lantern_orange [default: true]": true,
      "bulb_lantern_magenta [default: true]": true,
      "bulb_lantern_light_blue [default: true]": true,
      "bulb_lantern_yellow [default: true]": true,
      "bulb_lantern_lime [default: true]": true,
      "bulb_lantern_pink [default: true]": true,
      "bulb_lantern_gray [default: true]": true,
      "bulb_lantern_light_gray [default: true]": true,
      "bulb_lantern_cyan [default: true]": true,
      "bulb_lantern_purple [default: true]": true,
      "bulb_lantern_blue [default: true]": true,
      "bulb_lantern_brown [default: true]": true,
      "bulb_lantern_green [default: true]": true,
      "bulb_lantern_red [default: true]": true,
      "bulb_lantern_black [default: true]": true,
      "end_stone_smelter [default: true]": true,
      "eternal_pedestal [default: true]": true,
      "infusion_pedestal [default: true]": true,
      "ivis_moss [default: true]": true,
      "ivis_vine [default: true]": true
    }
  },
  "endstone_dust [default: true]": true,
  "end_mycelium [default: true]": true,
  "end_moss [default: true]": true,
  "chorus_nylium [default: true]": true,
  "cave_moss [default: true]": true,
  "crystal_moss [default: true]": true,
  "shadow_grass [default: true]": true,
  "pink_moss [default: true]": true,
  "amber_moss [default: true]": true,
  "jungle_moss [default: true]": true,
  "end_mycelium_path [default: true]": true,
  "end_moss_path [default: true]": true,
  "chorus_nylium_path [default: true]": true,
  "cave_moss_path [default: true]": true,
  "crystal_moss_path [default: true]": true,
  "shadow_grass_path [default: true]": true,
  "pink_moss_path [default: true]": true,
  "amber_moss_path [default: true]": true,
  "jungle_moss_path [default: true]": true,
  "flavolite [default: true]": true,
  "flavolite_polished [default: true]": true,
  "flavolite_tiles [default: true]": true,
  "flavolite_pillar [default: true]": true,
  "flavolite_stairs [default: true]": true,
  "flavolite_slab [default: true]": true,
  "flavolite_wall [default: true]": true,
  "flavolite_button [default: true]": true,
  "flavolite_plate [default: true]": true,
  "flavolite_pedestal [default: true]": true,
  "flavolite_lantern [default: true]": true,
  "flavolite_bricks [default: true]": true,
  "flavolite_bricks_stairs [default: true]": true,
  "flavolite_bricks_slab [default: true]": true,
  "flavolite_bricks_wall [default: true]": true,
  "violecite [default: true]": true,
  "violecite_polished [default: true]": true,
  "violecite_tiles [default: true]": true,
  "violecite_pillar [default: true]": true,
  "violecite_stairs [default: true]": true,
  "violecite_slab [default: true]": true,
  "violecite_wall [default: true]": true,
  "violecite_button [default: true]": true,
  "violecite_plate [default: true]": true,
  "violecite_pedestal [default: true]": true,
  "violecite_lantern [default: true]": true,
  "violecite_bricks [default: true]": true,
  "violecite_bricks_stairs [default: true]": true,
  "violecite_bricks_slab [default: true]": true,
  "violecite_bricks_wall [default: true]": true,
  "sulphuric_rock [default: true]": true,
  "sulphuric_rock_polished [default: true]": true,
  "sulphuric_rock_tiles [default: true]": true,
  "sulphuric_rock_pillar [default: true]": true,
  "sulphuric_rock_stairs [default: true]": true,
  "sulphuric_rock_slab [default: true]": true,
  "sulphuric_rock_wall [default: true]": true,
  "sulphuric_rock_button [default: true]": true,
  "sulphuric_rock_plate [default: true]": true,
  "sulphuric_rock_pedestal [default: true]": true,
  "sulphuric_rock_lantern [default: true]": true,
  "sulphuric_rock_bricks [default: true]": true,
  "sulphuric_rock_bricks_stairs [default: true]": true,
  "sulphuric_rock_bricks_slab [default: true]": true,
  "sulphuric_rock_bricks_wall [default: true]": true,
  "brimstone [default: true]": true,
  "sulphur_crystal [default: true]": true,
  "flavolite_runed [default: true]": true,
  "flavolite_runed_eternal [default: true]": true,
  "andesite_pedestal [default: true]": true,
  "diorite_pedestal [default: true]": true,
  "granite_pedestal [default: true]": true,
  "quartz_pedestal [default: true]": true,
  "purpur_pedestal [default: true]": true,
  "hydrothermal_vent [default: true]": true,
  "dense_snow [default: true]": true,
  "emerald_ice [default: true]": true,
  "dense_emerald_ice [default: true]": true,
  "ancient_emerald_ice [default: true]": true,
  "mossy_glowshroom_sapling [default: true]": true,
  "mossy_glowshroom_cap [default: true]": true,
  "mossy_glowshroom_hymenophore [default: true]": true,
  "mossy_glowshroom_fur [default: true]": true,
  "mossy_glowshroom_stripped_log [default: true]": true,
  "mossy_glowshroom_stripped_bark [default: true]": true,
  "mossy_glowshroom_log [default: true]": true,
  "mossy_glowshroom_bark [default: true]": true,
  "mossy_glowshroom_planks [default: true]": true,
  "mossy_glowshroom_stairs [default: true]": true,
  "mossy_glowshroom_slab [default: true]": true,
  "mossy_glowshroom_fence [default: true]": true,
  "mossy_glowshroom_gate [default: true]": true,
  "mossy_glowshroom_button [default: true]": true,
  "mossy_glowshroom_plate [default: true]": true,
  "mossy_glowshroom_trapdoor [default: true]": true,
  "mossy_glowshroom_door [default: true]": true,
  "mossy_glowshroom_crafting_table [default: true]": true,
  "mossy_glowshroom_ladder [default: true]": true,
  "mossy_glowshroom_sign [default: true]": true,
  "mossy_glowshroom_chest [default: true]": true,
  "mossy_glowshroom_barrel [default: true]": true,
  "mossy_glowshroom_bookshelf [default: true]": true,
  "mossy_glowshroom_composter [default: true]": true,
  "pythadendron_sapling [default: true]": true,
  "pythadendron_leaves [default: true]": true,
  "pythadendron_stripped_log [default: true]": true,
  "pythadendron_stripped_bark [default: true]": true,
  "pythadendron_log [default: true]": true,
  "pythadendron_bark [default: true]": true,
  "pythadendron_planks [default: true]": true,
  "pythadendron_stairs [default: true]": true,
  "pythadendron_slab [default: true]": true,
  "pythadendron_fence [default: true]": true,
  "pythadendron_gate [default: true]": true,
  "pythadendron_button [default: true]": true,
  "pythadendron_plate [default: true]": true,
  "pythadendron_trapdoor [default: true]": true,
  "pythadendron_door [default: true]": true,
  "pythadendron_crafting_table [default: true]": true,
  "pythadendron_ladder [default: true]": true,
  "pythadendron_sign [default: true]": true,
  "pythadendron_chest [default: true]": true,
  "pythadendron_barrel [default: true]": true,
  "pythadendron_bookshelf [default: true]": true,
  "pythadendron_composter [default: true]": true,
  "end_lotus_seed [default: true]": true,
  "end_lotus_stem [default: true]": true,
  "end_lotus_stripped_log [default: true]": true,
  "end_lotus_stripped_bark [default: true]": true,
  "end_lotus_log [default: true]": true,
  "end_lotus_bark [default: true]": true,
  "end_lotus_planks [default: true]": true,
  "end_lotus_stairs [default: true]": true,
  "end_lotus_slab [default: true]": true,
  "end_lotus_fence [default: true]": true,
  "end_lotus_gate [default: true]": true,
  "end_lotus_button [default: true]": true,
  "end_lotus_plate [default: true]": true,
  "end_lotus_trapdoor [default: true]": true,
  "end_lotus_door [default: true]": true,
  "end_lotus_crafting_table [default: true]": true,
  "end_lotus_ladder [default: true]": true,
  "end_lotus_sign [default: true]": true,
  "end_lotus_chest [default: true]": true,
  "end_lotus_barrel [default: true]": true,
  "end_lotus_bookshelf [default: true]": true,
  "end_lotus_composter [default: true]": true,
  "lacugrove_sapling [default: true]": true,
  "lacugrove_leaves [default: true]": true,
  "lacugrove_stripped_log [default: true]": true,
  "lacugrove_stripped_bark [default: true]": true,
  "lacugrove_log [default: true]": true,
  "lacugrove_bark [default: true]": true,
  "lacugrove_planks [default: true]": true,
  "lacugrove_stairs [default: true]": true,
  "lacugrove_slab [default: true]": true,
  "lacugrove_fence [default: true]": true,
  "lacugrove_gate [default: true]": true,
  "lacugrove_button [default: true]": true,
  "lacugrove_plate [default: true]": true,
  "lacugrove_trapdoor [default: true]": true,
  "lacugrove_door [default: true]": true,
  "lacugrove_crafting_table [default: true]": true,
  "lacugrove_ladder [default: true]": true,
  "lacugrove_sign [default: true]": true,
  "lacugrove_chest [default: true]": true,
  "lacugrove_barrel [default: true]": true,
  "lacugrove_bookshelf [default: true]": true,
  "lacugrove_composter [default: true]": true,
  "dragon_tree_sapling [default: true]": true,
  "dragon_tree_leaves [default: true]": true,
  "dragon_tree_stripped_log [default: true]": true,
  "dragon_tree_stripped_bark [default: true]": true,
  "dragon_tree_log [default: true]": true,
  "dragon_tree_bark [default: true]": true,
  "dragon_tree_planks [default: true]": true,
  "dragon_tree_stairs [default: true]": true,
  "dragon_tree_slab [default: true]": true,
  "dragon_tree_fence [default: true]": true,
  "dragon_tree_gate [default: true]": true,
  "dragon_tree_button [default: true]": true,
  "dragon_tree_plate [default: true]": true,
  "dragon_tree_trapdoor [default: true]": true,
  "dragon_tree_door [default: true]": true,
  "dragon_tree_crafting_table [default: true]": true,
  "dragon_tree_ladder [default: true]": true,
  "dragon_tree_sign [default: true]": true,
  "dragon_tree_chest [default: true]": true,
  "dragon_tree_barrel [default: true]": true,
  "dragon_tree_bookshelf [default: true]": true,
  "dragon_tree_composter [default: true]": true,
  "tenanea_sapling [default: true]": true,
  "tenanea_leaves [default: true]": true,
  "tenanea_flowers [default: true]": true,
  "tenanea_outer_leaves [default: true]": true,
  "tenanea_stripped_log [default: true]": true,
  "tenanea_stripped_bark [default: true]": true,
  "tenanea_log [default: true]": true,
  "tenanea_bark [default: true]": true,
  "tenanea_planks [default: true]": true,
  "tenanea_stairs [default: true]": true,
  "tenanea_slab [default: true]": true,
  "tenanea_fence [default: true]": true,
  "tenanea_gate [default: true]": true,
  "tenanea_button [default: true]": true,
  "tenanea_plate [default: true]": true,
  "tenanea_trapdoor [default: true]": true,
  "tenanea_door [default: true]": true,
  "tenanea_crafting_table [default: true]": true,
  "tenanea_ladder [default: true]": true,
  "tenanea_sign [default: true]": true,
  "tenanea_chest [default: true]": true,
  "tenanea_barrel [default: true]": true,
  "tenanea_bookshelf [default: true]": true,
  "tenanea_composter [default: true]": true,
  "helix_tree_sapling [default: true]": true,
  "helix_tree_leaves [default: true]": true,
  "helix_tree_stripped_log [default: true]": true,
  "helix_tree_stripped_bark [default: true]": true,
  "helix_tree_log [default: true]": true,
  "helix_tree_bark [default: true]": true,
  "helix_tree_planks [default: true]": true,
  "helix_tree_stairs [default: true]": true,
  "helix_tree_slab [default: true]": true,
  "helix_tree_fence [default: true]": true,
  "helix_tree_gate [default: true]": true,
  "helix_tree_button [default: true]": true,
  "helix_tree_plate [default: true]": true,
  "helix_tree_trapdoor [default: true]": true,
  "helix_tree_door [default: true]": true,
  "helix_tree_crafting_table [default: true]": true,
  "helix_tree_ladder [default: true]": true,
  "helix_tree_sign [default: true]": true,
  "helix_tree_chest [default: true]": true,
  "helix_tree_barrel [default: true]": true,
  "helix_tree_bookshelf [default: true]": true,
  "helix_tree_composter [default: true]": true,
  "umbrella_tree_sapling [default: true]": true,
  "umbrella_tree_membrane [default: true]": true,
  "umbrella_tree_cluster [default: true]": true,
  "umbrella_tree_cluster_empty [default: true]": true,
  "umbrella_tree_stripped_log [default: true]": true,
  "umbrella_tree_stripped_bark [default: true]": true,
  "umbrella_tree_log [default: true]": true,
  "umbrella_tree_bark [default: true]": true,
  "umbrella_tree_planks [default: true]": true,
  "umbrella_tree_stairs [default: true]": true,
  "umbrella_tree_slab [default: true]": true,
  "umbrella_tree_fence [default: true]": true,
  "umbrella_tree_gate [default: true]": true,
  "umbrella_tree_button [default: true]": true,
  "umbrella_tree_plate [default: true]": true,
  "umbrella_tree_trapdoor [default: true]": true,
  "umbrella_tree_door [default: true]": true,
  "umbrella_tree_crafting_table [default: true]": true,
  "umbrella_tree_ladder [default: true]": true,
  "umbrella_tree_sign [default: true]": true,
  "umbrella_tree_chest [default: true]": true,
  "umbrella_tree_barrel [default: true]": true,
  "umbrella_tree_bookshelf [default: true]": true,
  "umbrella_tree_composter [default: true]": true,
  "jellyshroom_cap_purple [default: true]": true,
  "jellyshroom_stripped_log [default: true]": true,
  "jellyshroom_stripped_bark [default: true]": true,
  "jellyshroom_log [default: true]": true,
  "jellyshroom_bark [default: true]": true,
  "jellyshroom_planks [default: true]": true,
  "jellyshroom_stairs [default: true]": true,
  "jellyshroom_slab [default: true]": true,
  "jellyshroom_fence [default: true]": true,
  "jellyshroom_gate [default: true]": true,
  "jellyshroom_button [default: true]": true,
  "jellyshroom_plate [default: true]": true,
  "jellyshroom_trapdoor [default: true]": true,
  "jellyshroom_door [default: true]": true,
  "jellyshroom_crafting_table [default: true]": true,
  "jellyshroom_ladder [default: true]": true,
  "jellyshroom_sign [default: true]": true,
  "jellyshroom_chest [default: true]": true,
  "jellyshroom_barrel [default: true]": true,
  "jellyshroom_bookshelf [default: true]": true,
  "jellyshroom_composter [default: true]": true,
  "umbrella_moss [default: true]": true,
  "umbrella_moss_tall [default: true]": true,
  "creeping_moss [default: true]": true,
  "chorus_grass [default: true]": true,
  "cave_grass [default: true]": true,
  "crystal_grass [default: true]": true,
  "shadow_plant [default: true]": true,
  "bushy_grass [default: true]": true,
  "amber_grass [default: true]": true,
  "twisted_umbrella_moss [default: true]": true,
  "twisted_umbrella_moss_tall [default: true]": true,
  "jungle_grass [default: true]": true,
  "blue_vine_seed [default: true]": true,
  "blue_vine_lantern [default: true]": true,
  "blue_vine_fur [default: true]": true,
  "lanceleaf_seed [default: true]": true,
  "glowing_pillar_seed [default: true]": true,
  "glowing_pillar_luminophor [default: true]": true,
  "glowing_pillar_leaves [default: true]": true,
  "small_jellyshroom [default: true]": true,
  "bubble_coral [default: true]": true,
  "menger_sponge [default: true]": true,
  "menger_sponge_wet [default: true]": true,
  "charnia_red [default: true]": true,
  "charnia_purple [default: true]": true,
  "charnia_orange [default: true]": true,
  "charnia_light_blue [default: true]": true,
  "charnia_cyan [default: true]": true,
  "charnia_green [default: true]": true,
  "end_lily_seed [default: true]": true,
  "hydralux_sapling [default: true]": true,
  "hydralux_petal_block [default: true]": true,
  "hydralux_petal_block_white [default: true]": true,
  "hydralux_petal_block_orange [default: true]": true,
  "hydralux_petal_block_magenta [default: true]": true,
  "hydralux_petal_block_light_blue [default: true]": true,
  "hydralux_petal_block_yellow [default: true]": true,
  "hydralux_petal_block_lime [default: true]": true,
  "hydralux_petal_block_pink [default: true]": true,
  "hydralux_petal_block_gray [default: true]": true,
  "hydralux_petal_block_light_gray [default: true]": true,
  "hydralux_petal_block_cyan [default: true]": true,
  "hydralux_petal_block_purple [default: true]": true,
  "hydralux_petal_block_blue [default: true]": true,
  "hydralux_petal_block_brown [default: true]": true,
  "hydralux_petal_block_green [default: true]": true,
  "hydralux_petal_block_red [default: true]": true,
  "hydralux_petal_block_black [default: true]": true,
  "cave_bush [default: true]": true,
  "murkweed [default: true]": true,
  "needlegrass [default: true]": true,
  "purple_polypore [default: true]": true,
  "tail_moss [default: true]": true,
  "cyan_moss [default: true]": true,
  "twisted_moss [default: true]": true,
  "tube_worm [default: true]": true,
  "bulb_moss [default: true]": true,
  "jungle_fern [default: true]": true,
  "shadow_berry [default: true]": true,
  "dense_vine [default: true]": true,
  "twisted_vine [default: true]": true,
  "bulb_vine_seed [default: true]": true,
  "bulb_vine [default: true]": true,
  "jungle_vine [default: true]": true,
  "silk_moth_nest [default: true]": true,
  "ender_ore [default: true]": true,
  "amber_ore [default: true]": true,
  "terminite_block [default: true]": true,
  "aeternium_block [default: true]": true,
  "ender_block [default: true]": true,
  "aurora_crystal [default: true]": true,
  "amber_block [default: true]": true,
  "respawn_obelisk [default: true]": true,
  "andesite_lantern [default: true]": true,
  "diorite_lantern [default: true]": true,
  "granite_lantern [default: true]": true,
  "quartz_lantern [default: true]": true,
  "purpur_lantern [default: true]": true,
  "end_stone_lantern [default: true]": true,
  "blackstone_lantern [default: true]": true,
  "bulb_lantern [default: true]": true,
  "bulb_lantern_white [default: true]": true,
  "bulb_lantern_orange [default: true]": true,
  "bulb_lantern_magenta [default: true]": true,
  "bulb_lantern_light_blue [default: true]": true,
  "bulb_lantern_yellow [default: true]": true,
  "bulb_lantern_lime [default: true]": true,
  "bulb_lantern_pink [default: true]": true,
  "bulb_lantern_gray [default: true]": true,
  "bulb_lantern_light_gray [default: true]": true,
  "bulb_lantern_cyan [default: true]": true,
  "bulb_lantern_purple [default: true]": true,
  "bulb_lantern_blue [default: true]": true,
  "bulb_lantern_brown [default: true]": true,
  "bulb_lantern_green [default: true]": true,
  "bulb_lantern_red [default: true]": true,
  "bulb_lantern_black [default: true]": true,
  "end_stone_smelter [default: true]": true,
  "eternal_pedestal [default: true]": true,
  "infusion_pedestal [default: true]": true,
  "ivis_moss [default: true]": true,
  "ivis_vine [default: true]": true,
  "blossom_berry_seed [default: true]": true,
  "nightshade_moss [default: true]": true,
  "flavolite_furnace [default: true]": true,
  "violecite_furnace [default: true]": true,
  "sulphuric_rock_furnace [default: true]": true,
  "missing_tile [default: true]": true,
  "blooming_cooksonia [default: true]": true,
  "salteago [default: true]": true,
  "vaiolush_fern [default: true]": true,
  "fracturn [default: true]": true,
  "lumecorn_seed [default: true]": true,
  "thallasium_ore [default: true]": true,
  "thallasium_block [default: true]": true,
  "thallasium_tile [default: true]": true,
  "thallasium_stairs [default: true]": true,
  "thallasium_slab [default: true]": true,
  "thallasium_door [default: true]": true,
  "thallasium_trapdoor [default: true]": true,
  "thallasium_anvil [default: true]": true,
  "thallasium_bars [default: true]": true,
  "thallasium_chain [default: true]": true,
  "thallasium_plate [default: true]": true,
  "thallasium_chandelier [default: true]": true,
  "thallasium_bulb_lantern [default: true]": true,
  "thallasium_bulb_lantern_white [default: true]": true,
  "thallasium_bulb_lantern_orange [default: true]": true,
  "thallasium_bulb_lantern_magenta [default: true]": true,
  "thallasium_bulb_lantern_light_blue [default: true]": true,
  "thallasium_bulb_lantern_yellow [default: true]": true,
  "thallasium_bulb_lantern_lime [default: true]": true,
  "thallasium_bulb_lantern_pink [default: true]": true,
  "thallasium_bulb_lantern_gray [default: true]": true,
  "thallasium_bulb_lantern_light_gray [default: true]": true,
  "thallasium_bulb_lantern_cyan [default: true]": true,
  "thallasium_bulb_lantern_purple [default: true]": true,
  "thallasium_bulb_lantern_blue [default: true]": true,
  "thallasium_bulb_lantern_brown [default: true]": true,
  "thallasium_bulb_lantern_green [default: true]": true,
  "thallasium_bulb_lantern_red [default: true]": true,
  "thallasium_bulb_lantern_black [default: true]": true,
  "terminite_tile [default: true]": true,
  "terminite_stairs [default: true]": true,
  "terminite_slab [default: true]": true,
  "terminite_door [default: true]": true,
  "terminite_trapdoor [default: true]": true,
  "terminite_anvil [default: true]": true,
  "terminite_bars [default: true]": true,
  "terminite_chain [default: true]": true,
  "terminite_plate [default: true]": true,
  "terminite_chandelier [default: true]": true,
  "terminite_bulb_lantern [default: true]": true,
  "terminite_bulb_lantern_white [default: true]": true,
  "terminite_bulb_lantern_orange [default: true]": true,
  "terminite_bulb_lantern_magenta [default: true]": true,
  "terminite_bulb_lantern_light_blue [default: true]": true,
  "terminite_bulb_lantern_yellow [default: true]": true,
  "terminite_bulb_lantern_lime [default: true]": true,
  "terminite_bulb_lantern_pink [default: true]": true,
  "terminite_bulb_lantern_gray [default: true]": true,
  "terminite_bulb_lantern_light_gray [default: true]": true,
  "terminite_bulb_lantern_cyan [default: true]": true,
  "terminite_bulb_lantern_purple [default: true]": true,
  "terminite_bulb_lantern_blue [default: true]": true,
  "terminite_bulb_lantern_brown [default: true]": true,
  "terminite_bulb_lantern_green [default: true]": true,
  "terminite_bulb_lantern_red [default: true]": true,
  "terminite_bulb_lantern_black [default: true]": true,
  "charcoal_block [default: true]": true,
  "iron_bulb_lantern [default: true]": true,
  "iron_bulb_lantern_white [default: true]": true,
  "iron_bulb_lantern_orange [default: true]": true,
  "iron_bulb_lantern_magenta [default: true]": true,
  "iron_bulb_lantern_light_blue [default: true]": true,
  "iron_bulb_lantern_yellow [default: true]": true,
  "iron_bulb_lantern_lime [default: true]": true,
  "iron_bulb_lantern_pink [default: true]": true,
  "iron_bulb_lantern_gray [default: true]": true,
  "iron_bulb_lantern_light_gray [default: true]": true,
  "iron_bulb_lantern_cyan [default: true]": true,
  "iron_bulb_lantern_purple [default: true]": true,
  "iron_bulb_lantern_blue [default: true]": true,
  "iron_bulb_lantern_brown [default: true]": true,
  "iron_bulb_lantern_green [default: true]": true,
  "iron_bulb_lantern_red [default: true]": true,
  "iron_bulb_lantern_black [default: true]": true,
  "iron_chandelier [default: true]": true,
  "gold_chandelier [default: true]": true,
  "end_stone_furnace [default: true]": true,
  "aeternium_anvil [default: true]": true
}