{
  "configVersion": "0.6.1",
  "generateOreCaves": true,
  "generateFullObsidianCaves": false,
  "generateWebCaves": true,
  "whitelistedDimensions": [
    "minecraft:overworld"
  ],
  "caveLayerThreshold": 28,
  "caveBiomeSize": 7,
  "generateNewCaves": true,
  "generateLocalWaterLevels": false,
  "generateOreNodules": true,
  "generateUndergroundLootChests": true,
  "generateNetherLootChests": true,
  "generateUndergroundSpawners": true,
  "cavernChestRarity": 4,
  "spelunkersChestRarity": 8,
  "netherChestRarity": 8,
  "normalSpawnerRarity": 5,
  "rareSpawnerRarity": 7
}