{"version":1,"overrides":{"fallflyinglib":{"-depends":{"minecraft":""}},"fermion":{"-depends":{"minecraft":""}},"crusade":{"-depends":{"minecraft":""}},"fermion-orientation":{"-depends":{"minecraft":""}},"ezpas":{"-depends":{"minecraft":""}},"iron-jetpacks":{"-depends":{"minecraft":""}},"fabric-dimensions-v1":{"-depends":{"minecraft":""}},"fermion-gui":{"-depends":{"minecraft":""}},"kibe":{"-depends":{"minecraft":""}},"megane":{"-depends":{"minecraft":""}},"fermion-modkeys":{"-depends":{"minecraft":""}},"bettercaves":{"-depends":{"minecraft":""}},"astromine-discoveries":{"-depends":{"minecraft":""}},"special-circumstances":{"-depends":{"minecraft":""}},"yungsapi":{"-depends":{"minecraft":""}},"packages":{"-depends":{"minecraft":""}},"astromine":{"-depends":{"minecraft":""}},"playerabilitylib":{"-depends":{"minecraft":""}},"astromine-transportations":{"-depends":{"minecraft":""}},"tis3d-additions":{"-depends":{"minecraft":""}},"json-model-extensions":{"-depends":{"minecraft":""}},"astromine-foundations":{"-depends":{"minecraft":""}},"totemmod":{"-depends":{"minecraft":""}},"mo_glass":{"-depends":{"minecraft":""}},"multi_item_lin":{"-depends":{"minecraft":""}},"arstheurgia":{"-depends":{"minecraft":""}},"dawn":{"-depends":{"minecraft":""}},"lapisreserve":{"-depends":{"minecraft":""}},"cleancut":{"-depends":{"minecraft":""}},"repurposed_structures":{"-depends":{"minecraft":""}},"modmenu":{"-depends":{"minecraft":""}},"flora-doubling":{"-depends":{"minecraft":""}},"phosphor":{"-depends":{"minecraft":""}},"frex":{"-depends":{"minecraft":""}},"bebooks":{"-depends":{"minecraft":""}},"mostructures":{"-depends":{"minecraft":""}},"charmonium":{"-depends":{"minecraft":""}},"disable_custom_worlds_advice":{"-depends":{"minecraft":""}},"megane-runtime":{"-depends":{"minecraft":""}},"chunkpregen":{"-depends":{"minecraft":""}},"libblockattributes_fluids":{"-depends":{"minecraft":""}},"adorn":{"-depends":{"minecraft":""}},"charm":{"-depends":{"minecraft":""}},"bettermineshafts":{"-depends":{"minecraft":""}},"darkpaintings":{"-depends":{"minecraft":""}},"lithium-api":{"-depends":{"minecraft":""}},"terrestria":{"-depends":{"minecraft":""}},"notes":{"-depends":{"minecraft":""}},"libaddict":{"-depends":{"minecraft":""}},"lithium":{"-depends":{"minecraft":""}},"hctm-base":{"-depends":{"minecraft":""}},"harvest_scythes":{"-depends":{"minecraft":""}},"libblockattributes":{"-depends":{"minecraft":""}},"wolveswitharmor":{"-depends":{"minecraft":""}},"strawdummy":{"-depends":{"minecraft":""}},"ignis-fatuus":{"-depends":{"minecraft":""}},"goml":{"-depends":{"minecraft":""}},"libblockattributes_core":{"-depends":{"minecraft":""}},"decimal_coins":{"-depends":{"minecraft":""}},"compressedblocks":{"-depends":{"minecraft":""}},"ktdatataglib":{"-depends":{"minecraft":""}},"woods_and_mires":{"-depends":{"minecraft":""}},"jankson":{"-depends":{"minecraft":""}},"fabric-renderer-indigo":{"-depends":{"minecraft":""}},"advdebug":{"-depends":{"minecraft":""}},"shapes":{"-depends":{"minecraft":""}},"libgui":{"-depends":{"minecraft":""}},"xaerominimap":{"-depends":{"minecraft":""}},"fabric-rendering-v0":{"-depends":{"minecraft":""}},"croptopia":{"-depends":{"minecraft":""}},"polymorph":{"-depends":{"minecraft":""}},"givemehats":{"-depends":{"minecraft":""}},"gateofbabylon":{"-depends":{"minecraft":""}},"winged":{"-depends":{"minecraft":""}},"library_of_exile":{"-depends":{"minecraft":""}},"fabric-tag-extensions-v0":{"-depends":{"minecraft":""}},"byg":{"-depends":{"minecraft":""}},"cinderscapes":{"-depends":{"minecraft":""}},"phonos":{"-depends":{"minecraft":""}},"betterend":{"-depends":{"minecraft":""}},"flamingo_ooo":{"-depends":{"minecraft":""}},"survivalisland":{"-depends":{"minecraft":""}},"stonecutter-tweaks":{"-depends":{"minecraft":""}},"artifice":{"-depends":{"minecraft":""}},"geckolib":{"-depends":{"minecraft":""}},"indrev":{"-depends":{"minecraft":""}},"more_tooltips":{"-depends":{"minecraft":""}},"xaeroworldmap":{"-depends":{"minecraft":""}},"cardinal-components-level":{"-depends":{"minecraft":""}},"fabric-blockrenderlayer-v1":{"-depends":{"minecraft":""}},"libblockattributes_items":{"-depends":{"minecraft":""}},"respawnablepets":{"-depends":{"minecraft":""}},"gameinfo":{"-depends":{"minecraft":""}},"fabric":{"-depends":{"minecraft":""}},"netherite_plus":{"-depends":{"minecraft":""}},"dml-refabricated":{"-depends":{"minecraft":""}},"tis3d":{"-depends":{"minecraft":""}},"eggtab":{"-depends":{"minecraft":""}},"blockshifter":{"-depends":{"minecraft":""}},"wild_explorer":{"-depends":{"minecraft":""}},"tacocraft":{"-depends":{"minecraft":""}},"angerable-patch":{"-depends":{"minecraft":""}},"blockus":{"-depends":{"minecraft":""}},"fabric-events-interaction-v0":{"-depends":{"minecraft":""}},"patchouli":{"-depends":{"minecraft":""}},"mousewheelie":{"-depends":{"minecraft":""}},"hard-hat-steve":{"-depends":{"minecraft":""}},"chainmail":{"-depends":{"minecraft":""}},"expandedstorage":{"-depends":{"minecraft":""}},"architectury":{"-depends":{"minecraft":""}},"astromine-technologies":{"-depends":{"minecraft":""}},"cherishedworlds":{"-depends":{"minecraft":""}},"authme":{"-depends":{"minecraft":""}},"slotlock":{"-depends":{"minecraft":""}},"cardinal-components-base":{"-depends":{"minecraft":""}},"rswires":{"-depends":{"minecraft":""}},"fabric-item-groups-v0":{"-depends":{"minecraft":""}},"truerooms":{"-depends":{"minecraft":""}},"fabric-renderer-api-v1":{"-depends":{"minecraft":""}},"craftpresence":{"-depends":{"minecraft":""}},"cavebiomes":{"-depends":{"minecraft":""}},"blade":{"-depends":{"minecraft":""}},"waystones":{"-depends":{"minecraft":""}},"appliedenergistics2":{"-depends":{"minecraft":""}},"artifacts":{"-depends":{"minecraft":""}},"campanion":{"-depends":{"minecraft":""}},"qcommon-cfg-core":{"-depends":{"minecraft":""}},"modern_industrialization":{"-depends":{"minecraft":""}},"bedspreads":{"-depends":{"minecraft":""}},"cardinal-components-chunk":{"-depends":{"minecraft":""}},"fabric-renderer-registries-v1":{"-depends":{"minecraft":""}},"artofalchemy":{"-depends":{"minecraft":""}},"fermion-simulator":{"-depends":{"minecraft":""}},"crookedcrooks":{"-depends":{"minecraft":""}},"qcommon-croco":{"-depends":{"minecraft":""}},"static-content":{"-depends":{"minecraft":""}},"roughlyenoughitems":{"-depends":{"minecraft":""}},"cardinal-components-world":{"-depends":{"minecraft":""}},"fabric-biome-api-v1":{"-depends":{"minecraft":""}},"advanced_runtime_resource_pack":{"-depends":{"minecraft":""}},"carrier":{"-depends":{"minecraft":""}},"libstructure":{"-depends":{"minecraft":""}},"astromine-core":{"-depends":{"minecraft":""}},"secretrooms":{"-depends":{"minecraft":""}},"fermion-varia":{"-depends":{"minecraft":""}}}}