{
  "DownHUD": false,
  "HUDLIMIT": 15,
  "PlaySoundAlertLowLevel": false,
  "HiddenFPS": true,
  "sortByWidth": false,
  "Hidden": false,
  "RightHUD": false,
  "EditHud": true,
  "ShowSunLight": false,
  "HiddenLight": true,
  "AlertTickDelay": 20,
  "AlertLowLightLevel": false,
  "LowLevelSunAndBlock": false,
  "sortInvest": false,
  "useScale": false,
  "ScaleY": 100,
  "version": 10,
  "ScaleX": 100,
  "ShowDeathMessage": true,
  "HiddenSpeed": true,
  "ShowBlockLight": false,
  "DisableAutoJump": true,
  "HiddenTicks": true,
  "SoundAlertMinLightLevel": 2,
  "HUDINFOSHOW": 15,
  "AlertMinLightLevel": 7,
  "HiddenBiome": true,
  "ToastAlertLowLight": true,
  "HUDFILE": "defaultHUD",
  "HiddenSunLightIfZero": true,
  "_ScaleY": 0.995,
  "_ScaleX": 0.995
}