{
  "backpacks": [
    {
      "name": "baby",
      "rowWidth": 3,
      "numberOfRows": 1,
      "isFireImmune": false
    },
    {
      "name": "frayed",
      "rowWidth": 9,
      "numberOfRows": 1,
      "isFireImmune": false
    },
    {
      "name": "plated",
      "rowWidth": 9,
      "numberOfRows": 2,
      "isFireImmune": false
    },
    {
      "name": "gilded",
      "rowWidth": 9,
      "numberOfRows": 3,
      "isFireImmune": false
    },
    {
      "name": "bejeweled",
      "rowWidth": 9,
      "numberOfRows": 5,
      "isFireImmune": false
    },
    {
      "name": "blazing",
      "rowWidth": 9,
      "numberOfRows": 6,
      "isFireImmune": true
    },
    {
      "name": "withered",
      "rowWidth": 11,
      "numberOfRows": 6,
      "isFireImmune": false
    },
    {
      "name": "endless",
      "rowWidth": 15,
      "numberOfRows": 6,
      "isFireImmune": false
    }
  ]
}