{
  "configVersion": "0.7.2",
  "doModCompat": true,
  "reloadConfigCommand": false,
  "threadedNoiseGeneration": true,
  "deleteLakes": false,
  "generateVanillaCaves": true,
  "simplexNetherGeneration": true,
  "noiseGenerationThreads": 2,
  "noiseGenerator": "SIMPLEX",
  "postProcessors": [],
  "noiseModifiers": [
    "MOUNTAINS",
    "RIDGES",
    "DETAILS"
  ],
  "mainOctaveAmount": 3,
  "mainFrequency": 3200.0,
  "mainAmplitudeHigh": 144.0,
  "mainAmplitudeLow": 32.0,
  "mainNetherScale": 70.0,
  "netherThresholdScale": 28.0,
  "netherThresholdAmplitude": 0.125,
  "netherThresholdBase": 0.25,
  "lowlandStartHeight": 66,
  "midlandStartHeight": 90,
  "highlandStartHeight": 140,
  "toplandStartHeight": 190,
  "biomeScaleAmount": 8,
  "temperatureOffset": 0.0,
  "humidityOffset": 0.0,
  "seaLevel": 63,
  "temperatureOctaveAmount": 1,
  "humidityOctaveAmount": 2,
  "temperatureFrequency": 15.0,
  "humidityFrequency": 11.0,
  "temperatureAmplitude": 1.2,
  "humidityAmplitude": 1.2,
  "cloudHeight": 192.0
}