{
  "loot": {
    "enableOverworldLoot": {
      "comment": "When true TechReborn will add ingots, machine frames and circuits to OverWorld loot chests.",
      "value": false
    },
    "enableEndLoot": {
      "comment": "When true TechReborn will add ingots, machine frames and circuits to The End loot chests.",
      "value": true
    },
    "enableNetherLoot": {
      "comment": "When true TechReborn will add ingots, machine frames and circuits to Nether loot chests.",
      "value": true
    }
  }
}